<?xml version="1.0" encoding="UTF-8"?>
<GenRun Id="synth_1" LaunchPart="xc7a35tcpg236-1" LaunchTime="1566441545">
  <File Type="VDS-TIMINGSUMMARY" Name="ingreso_timing_summary_synth.rpt"/>
  <File Type="RDS-DCP" Name="ingreso.dcp"/>
  <File Type="RDS-UTIL-PB" Name="ingreso_utilization_synth.pb"/>
  <File Type="RDS-UTIL" Name="ingreso_utilization_synth.rpt"/>
  <File Type="RDS-PROPCONSTRS" Name="ingreso_drc_synth.rpt"/>
  <File Type="RDS-RDS" Name="ingreso.vds"/>
  <File Type="REPORTS-TCL" Name="ingreso_reports.tcl"/>
  <File Type="VDS-TIMING-PB" Name="ingreso_timing_summary_synth.pb"/>
  <File Type="PA-TCL" Name="ingreso.tcl"/>
  <FileSet Name="sources" Type="DesignSrcs" RelSrcDir="$PSRCDIR/sources_1">
    <Filter Type="Srcs"/>
    <File Path="$PSRCDIR/sources_1/new/ingreso.vhd">
      <FileInfo>
        <Attr Name="UsedIn" Val="synthesis"/>
        <Attr Name="UsedIn" Val="simulation"/>
      </FileInfo>
    </File>
    <Config>
      <Option Name="DesignMode" Val="RTL"/>
      <Option Name="TopModule" Val="ingreso"/>
      <Option Name="TopAutoSet" Val="TRUE"/>
    </Config>
  </FileSet>
  <FileSet Name="constrs_in" Type="Constrs" RelSrcDir="$PSRCDIR/constrs_1">
    <Filter Type="Constrs"/>
    <File Path="$PSRCDIR/constrs_1/new/cst_ingreso.xdc">
      <FileInfo>
        <Attr Name="UsedIn" Val="synthesis"/>
        <Attr Name="UsedIn" Val="implementation"/>
      </FileInfo>
    </File>
    <Config>
      <Option Name="TargetConstrsFile" Val="$PSRCDIR/constrs_1/new/cst_ingreso.xdc"/>
      <Option Name="ConstrsType" Val="XDC"/>
    </Config>
  </FileSet>
  <FileSet Name="utils" Type="Utils" RelSrcDir="$PSRCDIR/utils_1">
    <Filter Type="Utils"/>
    <Config>
      <Option Name="TopAutoSet" Val="TRUE"/>
    </Config>
  </FileSet>
  <Strategy Version="1" Minor="2">
    <StratHandle Name="Vivado Synthesis Defaults" Flow="Vivado Synthesis 2019"/>
    <Step Id="synth_design"/>
  </Strategy>
</GenRun>
