<?xml version="1.0" encoding="UTF-8"?>
<GenRun Id="impl_1" LaunchPart="xc7a35tcpg236-1" LaunchTime="1566441545">
  <File Type="WBT-USG" Name="usage_statistics_webtalk.html"/>
  <File Type="RDI-RDI" Name="ingreso.vdi"/>
  <File Type="BG-DRC" Name="ingreso.drc"/>
  <File Type="BG-BGN" Name="ingreso.bgn"/>
  <File Type="BITSTR-SYSDEF" Name="ingreso.sysdef"/>
  <File Type="BITSTR-LTX" Name="debug_nets.ltx"/>
  <File Type="BITSTR-LTX" Name="ingreso.ltx"/>
  <File Type="BITSTR-MMI" Name="ingreso.mmi"/>
  <File Type="BITSTR-BMM" Name="ingreso_bd.bmm"/>
  <File Type="BITSTR-NKY" Name="ingreso.nky"/>
  <File Type="BITSTR-RBT" Name="ingreso.rbt"/>
  <File Type="BITSTR-MSK" Name="ingreso.msk"/>
  <File Type="BG-BIN" Name="ingreso.bin"/>
  <File Type="BG-BIT" Name="ingreso.bit"/>
  <File Type="POSTROUTE-PHYSOPT-BUS-SKEW-RPX" Name="ingreso_bus_skew_postroute_physopted.rpx"/>
  <File Type="POSTROUTE-PHYSOPT-BUS-SKEW-PB" Name="ingreso_bus_skew_postroute_physopted.pb"/>
  <File Type="POSTROUTE-PHYSOPT-BUS-SKEW" Name="ingreso_bus_skew_postroute_physopted.rpt"/>
  <File Type="POSTROUTE-PHYSOPT-TIMING-RPX" Name="ingreso_timing_summary_postroute_physopted.rpx"/>
  <File Type="POSTROUTE-PHYSOPT-TIMING-PB" Name="ingreso_timing_summary_postroute_physopted.pb"/>
  <File Type="POSTROUTE-PHYSOPT-TIMING" Name="ingreso_timing_summary_postroute_physopted.rpt"/>
  <File Type="POSTROUTE-PHYSOPT-BLACKBOX-DCP" Name="ingreso_postroute_physopt_bb.dcp"/>
  <File Type="POSTROUTE-PHYSOPT-DCP" Name="ingreso_postroute_physopt.dcp"/>
  <File Type="ROUTE-BUS-SKEW-RPX" Name="ingreso_bus_skew_routed.rpx"/>
  <File Type="ROUTE-BUS-SKEW-PB" Name="ingreso_bus_skew_routed.pb"/>
  <File Type="ROUTE-BUS-SKEW" Name="ingreso_bus_skew_routed.rpt"/>
  <File Type="ROUTE-CLK" Name="ingreso_clock_utilization_routed.rpt"/>
  <File Type="ROUTE-SIMILARITY" Name="ingreso_incremental_reuse_routed.rpt"/>
  <File Type="ROUTE-TIMING-RPX" Name="ingreso_timing_summary_routed.rpx"/>
  <File Type="ROUTE-TIMING-PB" Name="ingreso_timing_summary_routed.pb"/>
  <File Type="ROUTE-TIMINGSUMMARY" Name="ingreso_timing_summary_routed.rpt"/>
  <File Type="ROUTE-STATUS-PB" Name="ingreso_route_status.pb"/>
  <File Type="ROUTE-STATUS" Name="ingreso_route_status.rpt"/>
  <File Type="ROUTE-PWR-RPX" Name="ingreso_power_routed.rpx"/>
  <File Type="ROUTE-PWR-SUM" Name="ingreso_power_summary_routed.pb"/>
  <File Type="ROUTE-PWR" Name="ingreso_power_routed.rpt"/>
  <File Type="ROUTE-METHODOLOGY-DRC-PB" Name="ingreso_methodology_drc_routed.pb"/>
  <File Type="ROUTE-METHODOLOGY-DRC-RPX" Name="ingreso_methodology_drc_routed.rpx"/>
  <File Type="ROUTE-METHODOLOGY-DRC" Name="ingreso_methodology_drc_routed.rpt"/>
  <File Type="ROUTE-DRC-RPX" Name="ingreso_drc_routed.rpx"/>
  <File Type="ROUTE-DRC-PB" Name="ingreso_drc_routed.pb"/>
  <File Type="ROUTE-DRC" Name="ingreso_drc_routed.rpt"/>
  <File Type="ROUTE-BLACKBOX-DCP" Name="ingreso_routed_bb.dcp"/>
  <File Type="ROUTE-DCP" Name="ingreso_routed.dcp"/>
  <File Type="ROUTE-ERROR-DCP" Name="ingreso_routed_error.dcp"/>
  <File Type="PHYSOPT-TIMING" Name="ingreso_timing_summary_physopted.rpt"/>
  <File Type="PHYSOPT-DRC" Name="ingreso_drc_physopted.rpt"/>
  <File Type="PHYSOPT-DCP" Name="ingreso_physopt.dcp"/>
  <File Type="POSTPLACE-PWROPT-TIMING" Name="ingreso_timing_summary_postplace_pwropted.rpt"/>
  <File Type="POSTPLACE-PWROPT-DCP" Name="ingreso_postplace_pwropt.dcp"/>
  <File Type="PLACE-TIMING" Name="ingreso_timing_summary_placed.rpt"/>
  <File Type="PLACE-PRE-SIMILARITY" Name="ingreso_incremental_reuse_pre_placed.rpt"/>
  <File Type="PLACE-SIMILARITY" Name="ingreso_incremental_reuse_placed.rpt"/>
  <File Type="PLACE-CTRL" Name="ingreso_control_sets_placed.rpt"/>
  <File Type="PLACE-UTIL-PB" Name="ingreso_utilization_placed.pb"/>
  <File Type="PLACE-UTIL" Name="ingreso_utilization_placed.rpt"/>
  <File Type="PLACE-CLK" Name="ingreso_clock_utilization_placed.rpt"/>
  <File Type="PLACE-IO" Name="ingreso_io_placed.rpt"/>
  <File Type="PLACE-DCP" Name="ingreso_placed.dcp"/>
  <File Type="PWROPT-DRC" Name="ingreso_drc_pwropted.rpt"/>
  <File Type="PWROPT-DCP" Name="ingreso_pwropt.dcp"/>
  <File Type="OPT-HWDEF" Name="ingreso.hwdef"/>
  <File Type="OPT-METHODOLOGY-DRC" Name="ingreso_methodology_drc_opted.rpt"/>
  <File Type="OPT-DRC" Name="ingreso_drc_opted.rpt"/>
  <File Type="OPT-DCP" Name="ingreso_opt.dcp"/>
  <File Type="INIT-TIMING" Name="ingreso_timing_summary_init.rpt"/>
  <File Type="PWROPT-TIMING" Name="ingreso_timing_summary_pwropted.rpt"/>
  <File Type="REPORTS-TCL" Name="ingreso_reports.tcl"/>
  <File Type="OPT-TIMING" Name="ingreso_timing_summary_opted.rpt"/>
  <File Type="PA-TCL" Name="ingreso.tcl"/>
  <FileSet Name="sources" Type="DesignSrcs" RelSrcDir="$PSRCDIR/sources_1">
    <Filter Type="Srcs"/>
    <File Path="$PSRCDIR/sources_1/new/ingreso.vhd">
      <FileInfo>
        <Attr Name="UsedIn" Val="synthesis"/>
        <Attr Name="UsedIn" Val="simulation"/>
      </FileInfo>
    </File>
    <Config>
      <Option Name="DesignMode" Val="RTL"/>
      <Option Name="TopModule" Val="ingreso"/>
      <Option Name="TopAutoSet" Val="TRUE"/>
    </Config>
  </FileSet>
  <FileSet Name="constrs_in" Type="Constrs" RelSrcDir="$PSRCDIR/constrs_1">
    <Filter Type="Constrs"/>
    <File Path="$PSRCDIR/constrs_1/new/cst_ingreso.xdc">
      <FileInfo>
        <Attr Name="UsedIn" Val="synthesis"/>
        <Attr Name="UsedIn" Val="implementation"/>
      </FileInfo>
    </File>
    <Config>
      <Option Name="TargetConstrsFile" Val="$PSRCDIR/constrs_1/new/cst_ingreso.xdc"/>
      <Option Name="ConstrsType" Val="XDC"/>
    </Config>
  </FileSet>
  <FileSet Name="utils" Type="Utils" RelSrcDir="$PSRCDIR/utils_1">
    <Filter Type="Utils"/>
    <Config>
      <Option Name="TopAutoSet" Val="TRUE"/>
    </Config>
  </FileSet>
  <Strategy Version="1" Minor="2">
    <StratHandle Name="Vivado Implementation Defaults" Flow="Vivado Implementation 2019"/>
    <Step Id="init_design"/>
    <Step Id="opt_design"/>
    <Step Id="power_opt_design"/>
    <Step Id="place_design"/>
    <Step Id="post_place_power_opt_design"/>
    <Step Id="phys_opt_design"/>
    <Step Id="route_design"/>
    <Step Id="post_route_phys_opt_design"/>
    <Step Id="write_bitstream"/>
  </Strategy>
</GenRun>
