<?xml version="1.0" encoding="UTF-8"?>
<GenRun Id="impl_1" LaunchPart="xc7a35tcpg236-1" LaunchTime="1566063823">
  <File Type="WBT-USG" Name="usage_statistics_webtalk.html"/>
  <File Type="RDI-RDI" Name="codigo.vdi"/>
  <File Type="BG-DRC" Name="codigo.drc"/>
  <File Type="BG-BGN" Name="codigo.bgn"/>
  <File Type="BITSTR-SYSDEF" Name="codigo.sysdef"/>
  <File Type="BITSTR-LTX" Name="debug_nets.ltx"/>
  <File Type="BITSTR-LTX" Name="codigo.ltx"/>
  <File Type="BITSTR-MMI" Name="codigo.mmi"/>
  <File Type="BITSTR-BMM" Name="codigo_bd.bmm"/>
  <File Type="BITSTR-NKY" Name="codigo.nky"/>
  <File Type="BITSTR-RBT" Name="codigo.rbt"/>
  <File Type="BITSTR-MSK" Name="codigo.msk"/>
  <File Type="BG-BIN" Name="codigo.bin"/>
  <File Type="BG-BIT" Name="codigo.bit"/>
  <File Type="POSTROUTE-PHYSOPT-BUS-SKEW-RPX" Name="codigo_bus_skew_postroute_physopted.rpx"/>
  <File Type="POSTROUTE-PHYSOPT-BUS-SKEW-PB" Name="codigo_bus_skew_postroute_physopted.pb"/>
  <File Type="POSTROUTE-PHYSOPT-BUS-SKEW" Name="codigo_bus_skew_postroute_physopted.rpt"/>
  <File Type="POSTROUTE-PHYSOPT-TIMING-RPX" Name="codigo_timing_summary_postroute_physopted.rpx"/>
  <File Type="POSTROUTE-PHYSOPT-TIMING-PB" Name="codigo_timing_summary_postroute_physopted.pb"/>
  <File Type="POSTROUTE-PHYSOPT-TIMING" Name="codigo_timing_summary_postroute_physopted.rpt"/>
  <File Type="POSTROUTE-PHYSOPT-BLACKBOX-DCP" Name="codigo_postroute_physopt_bb.dcp"/>
  <File Type="POSTROUTE-PHYSOPT-DCP" Name="codigo_postroute_physopt.dcp"/>
  <File Type="ROUTE-BUS-SKEW-RPX" Name="codigo_bus_skew_routed.rpx"/>
  <File Type="ROUTE-BUS-SKEW-PB" Name="codigo_bus_skew_routed.pb"/>
  <File Type="ROUTE-BUS-SKEW" Name="codigo_bus_skew_routed.rpt"/>
  <File Type="ROUTE-CLK" Name="codigo_clock_utilization_routed.rpt"/>
  <File Type="ROUTE-SIMILARITY" Name="codigo_incremental_reuse_routed.rpt"/>
  <File Type="ROUTE-TIMING-RPX" Name="codigo_timing_summary_routed.rpx"/>
  <File Type="ROUTE-TIMING-PB" Name="codigo_timing_summary_routed.pb"/>
  <File Type="ROUTE-TIMINGSUMMARY" Name="codigo_timing_summary_routed.rpt"/>
  <File Type="ROUTE-STATUS-PB" Name="codigo_route_status.pb"/>
  <File Type="ROUTE-STATUS" Name="codigo_route_status.rpt"/>
  <File Type="ROUTE-PWR-RPX" Name="codigo_power_routed.rpx"/>
  <File Type="ROUTE-PWR-SUM" Name="codigo_power_summary_routed.pb"/>
  <File Type="ROUTE-PWR" Name="codigo_power_routed.rpt"/>
  <File Type="ROUTE-METHODOLOGY-DRC-PB" Name="codigo_methodology_drc_routed.pb"/>
  <File Type="ROUTE-METHODOLOGY-DRC-RPX" Name="codigo_methodology_drc_routed.rpx"/>
  <File Type="ROUTE-METHODOLOGY-DRC" Name="codigo_methodology_drc_routed.rpt"/>
  <File Type="ROUTE-DRC-RPX" Name="codigo_drc_routed.rpx"/>
  <File Type="ROUTE-DRC-PB" Name="codigo_drc_routed.pb"/>
  <File Type="ROUTE-DRC" Name="codigo_drc_routed.rpt"/>
  <File Type="ROUTE-BLACKBOX-DCP" Name="codigo_routed_bb.dcp"/>
  <File Type="ROUTE-DCP" Name="codigo_routed.dcp"/>
  <File Type="ROUTE-ERROR-DCP" Name="codigo_routed_error.dcp"/>
  <File Type="PHYSOPT-TIMING" Name="codigo_timing_summary_physopted.rpt"/>
  <File Type="PHYSOPT-DRC" Name="codigo_drc_physopted.rpt"/>
  <File Type="PHYSOPT-DCP" Name="codigo_physopt.dcp"/>
  <File Type="POSTPLACE-PWROPT-TIMING" Name="codigo_timing_summary_postplace_pwropted.rpt"/>
  <File Type="POSTPLACE-PWROPT-DCP" Name="codigo_postplace_pwropt.dcp"/>
  <File Type="PLACE-TIMING" Name="codigo_timing_summary_placed.rpt"/>
  <File Type="PLACE-PRE-SIMILARITY" Name="codigo_incremental_reuse_pre_placed.rpt"/>
  <File Type="PLACE-SIMILARITY" Name="codigo_incremental_reuse_placed.rpt"/>
  <File Type="PLACE-CTRL" Name="codigo_control_sets_placed.rpt"/>
  <File Type="PLACE-UTIL-PB" Name="codigo_utilization_placed.pb"/>
  <File Type="PLACE-UTIL" Name="codigo_utilization_placed.rpt"/>
  <File Type="PLACE-CLK" Name="codigo_clock_utilization_placed.rpt"/>
  <File Type="PLACE-IO" Name="codigo_io_placed.rpt"/>
  <File Type="PLACE-DCP" Name="codigo_placed.dcp"/>
  <File Type="PWROPT-DRC" Name="codigo_drc_pwropted.rpt"/>
  <File Type="PWROPT-DCP" Name="codigo_pwropt.dcp"/>
  <File Type="OPT-HWDEF" Name="codigo.hwdef"/>
  <File Type="OPT-METHODOLOGY-DRC" Name="codigo_methodology_drc_opted.rpt"/>
  <File Type="OPT-DRC" Name="codigo_drc_opted.rpt"/>
  <File Type="OPT-DCP" Name="codigo_opt.dcp"/>
  <File Type="INIT-TIMING" Name="codigo_timing_summary_init.rpt"/>
  <File Type="PWROPT-TIMING" Name="codigo_timing_summary_pwropted.rpt"/>
  <File Type="REPORTS-TCL" Name="codigo_reports.tcl"/>
  <File Type="OPT-TIMING" Name="codigo_timing_summary_opted.rpt"/>
  <File Type="PA-TCL" Name="codigo.tcl"/>
  <FileSet Name="sources" Type="DesignSrcs" RelSrcDir="$PSRCDIR/sources_1">
    <Filter Type="Srcs"/>
    <File Path="$PSRCDIR/sources_1/new/codigo.vhd">
      <FileInfo>
        <Attr Name="UsedIn" Val="synthesis"/>
        <Attr Name="UsedIn" Val="simulation"/>
      </FileInfo>
    </File>
    <Config>
      <Option Name="DesignMode" Val="RTL"/>
      <Option Name="TopModule" Val="codigo"/>
      <Option Name="TopAutoSet" Val="TRUE"/>
    </Config>
  </FileSet>
  <FileSet Name="constrs_in" Type="Constrs" RelSrcDir="$PSRCDIR/constrs_1">
    <Filter Type="Constrs"/>
    <File Path="$PSRCDIR/constrs_1/new/cst_codigo.xdc">
      <FileInfo>
        <Attr Name="UsedIn" Val="synthesis"/>
        <Attr Name="UsedIn" Val="implementation"/>
      </FileInfo>
    </File>
    <Config>
      <Option Name="TargetConstrsFile" Val="$PSRCDIR/constrs_1/new/cst_codigo.xdc"/>
      <Option Name="ConstrsType" Val="XDC"/>
    </Config>
  </FileSet>
  <FileSet Name="utils" Type="Utils" RelSrcDir="$PSRCDIR/utils_1">
    <Filter Type="Utils"/>
    <Config>
      <Option Name="TopAutoSet" Val="TRUE"/>
    </Config>
  </FileSet>
  <Strategy Version="1" Minor="2">
    <StratHandle Name="Vivado Implementation Defaults" Flow="Vivado Implementation 2019">
      <Desc>Default settings for Implementation.</Desc>
    </StratHandle>
    <Step Id="init_design"/>
    <Step Id="opt_design"/>
    <Step Id="power_opt_design"/>
    <Step Id="place_design"/>
    <Step Id="post_place_power_opt_design"/>
    <Step Id="phys_opt_design"/>
    <Step Id="route_design"/>
    <Step Id="post_route_phys_opt_design"/>
    <Step Id="write_bitstream"/>
  </Strategy>
</GenRun>
